{"cameraMode":{"drawMode":0,"name":"Shaded","section":"Shading Mode"},"sceneLighting":false,"audioPlay":false,"sceneViewState":{"m_AlwaysRefresh":false,"showFog":true,"showSkybox":false,"showFlares":true,"showImageEffects":true,"showParticleSystems":true,"showVisualEffectGraphs":true,"m_FxEnabled":true},"in2DMode":false,"pivot":{"x":0.009755540639162064,"y":-0.8839497566223145,"z":0.023378074169158937},"rotation":{"x":0.0021000890992581846,"y":-0.7159833908081055,"z":0.0021404994186013939,"w":0.6981611251831055},"size":1.7555166482925416,"orthographic":true}